node_id,trial,cascade_size_frac,time_to_stability
0,0,0.2,4
0,1,0.35,10
0,2,1.0,28
0,3,0.125,3
0,4,1.0,21
0,5,0.1125,3
0,6,1.0,19
0,7,0.1125,1
0,8,1.0,23
0,9,0.125,3
0,10,1.0,20
0,11,1.0,22
0,12,0.1625,4
0,13,1.0,23
0,14,0.25,7
0,15,1.0,19
0,16,1.0,22
0,17,1.0,21
0,18,1.0,21
0,19,1.0,24
0,20,1.0,22
0,21,1.0,21
0,22,0.0875,1
0,23,1.0,21
0,24,1.0,25
0,25,0.1875,3
0,26,1.0,20
0,27,0.2,3
0,28,0.0875,1
0,29,0.1375,3
0,30,1.0,23
0,31,1.0,19
0,32,1.0,21
0,33,0.1125,2
0,34,0.0875,1
0,35,1.0,28
0,36,0.1375,4
0,37,1.0,24
0,38,0.225,6
0,39,1.0,19
1,0,0.1,4
1,1,0.05,2
1,2,0.25,7
1,3,0.0375,1
1,4,0.0875,3
1,5,0.075,4
1,6,0.0625,1
1,7,1.0,19
1,8,1.0,24
1,9,1.0,25
1,10,1.0,20
1,11,1.0,19
1,12,1.0,22
1,13,1.0,31
1,14,1.0,25
1,15,0.1125,4
1,16,1.0,21
1,17,1.0,21
1,18,1.0,18
1,19,0.0375,1
1,20,0.0375,1
1,21,0.0375,1
1,22,1.0,22
1,23,0.15,4
1,24,0.0375,1
1,25,1.0,25
1,26,0.1,2
1,27,1.0,23
1,28,0.0625,3
1,29,0.25,8
1,30,1.0,28
1,31,0.0375,1
1,32,0.05,2
1,33,0.0625,1
1,34,0.3,12
1,35,0.05,2
1,36,1.0,21
1,37,1.0,26
1,38,0.1375,7
1,39,1.0,25
2,0,1.0,20
2,1,1.0,25
2,2,0.1,4
2,3,0.075,3
2,4,0.1125,4
2,5,0.225,8
2,6,0.05,2
2,7,0.0625,1
2,8,1.0,24
2,9,1.0,28
2,10,0.0625,1
2,11,0.075,3
2,12,0.075,3
2,13,0.175,6
2,14,0.075,3
2,15,0.0875,3
2,16,1.0,20
2,17,0.2375,7
2,18,1.0,26
2,19,0.15,2
2,20,1.0,31
2,21,0.05,2
2,22,1.0,30
2,23,1.0,31
2,24,0.2125,8
2,25,0.075,2
2,26,1.0,28
2,27,0.0875,3
2,28,1.0,17
2,29,0.05,1
2,30,1.0,23
2,31,1.0,26
2,32,0.075,3
2,33,0.2625,9
2,34,0.05,1
2,35,0.1,3
2,36,0.0625,2
2,37,1.0,21
2,38,0.075,1
2,39,0.175,9
3,0,0.1,1
3,1,0.1,1
3,2,0.125,1
3,3,1.0,25
3,4,1.0,22
3,5,0.125,1
3,6,0.1,1
3,7,0.9875,22
3,8,0.125,2
3,9,1.0,19
3,10,1.0,24
3,11,0.125,2
3,12,1.0,22
3,13,0.1125,3
3,14,1.0,27
3,15,0.1125,3
3,16,1.0,24
3,17,1.0,23
3,18,0.225,5
3,19,1.0,28
3,20,0.2,7
3,21,1.0,21
3,22,0.1125,2
3,23,1.0,22
3,24,1.0,24
3,25,1.0,31
3,26,1.0,24
3,27,1.0,21
3,28,1.0,27
3,29,0.175,3
3,30,0.1,1
3,31,0.1375,3
3,32,1.0,29
3,33,0.175,5
3,34,1.0,23
3,35,1.0,18
3,36,0.1,1
3,37,1.0,27
3,38,0.1,2
3,39,0.2,6
4,0,0.075,2
4,1,1.0,22
4,2,1.0,24
4,3,0.0375,1
4,4,0.275,6
4,5,1.0,24
4,6,0.025,1
4,7,0.225,7
4,8,1.0,25
4,9,0.025,1
4,10,0.025,1
4,11,1.0,24
4,12,0.05,3
4,13,0.025,1
4,14,0.0375,2
4,15,0.075,3
4,16,0.1125,3
4,17,0.05,3
4,18,0.0625,3
4,19,0.0625,2
4,20,1.0,33
4,21,0.2625,11
4,22,0.0375,1
4,23,1.0,27
4,24,0.175,4
4,25,0.025,1
4,26,0.1125,6
4,27,0.05,2
4,28,0.1625,3
4,29,0.0375,2
4,30,0.0625,3
4,31,0.025,1
4,32,0.0375,1
4,33,1.0,29
4,34,0.0375,2
4,35,1.0,24
4,36,0.1125,3
4,37,0.2125,7
4,38,1.0,23
4,39,0.025,1
5,0,0.0875,3
5,1,0.0625,2
5,2,0.05,2
5,3,1.0,27
5,4,1.0,25
5,5,1.0,22
5,6,0.025,1
5,7,0.0875,2
5,8,0.2875,8
5,9,0.125,6
5,10,0.05,3
5,11,1.0,20
5,12,0.025,1
5,13,1.0,20
5,14,1.0,18
5,15,1.0,23
5,16,1.0,22
5,17,0.025,1
5,18,1.0,24
5,19,0.225,7
5,20,1.0,20
5,21,1.0,21
5,22,0.0625,2
5,23,0.075,3
5,24,0.3,12
5,25,1.0,22
5,26,1.0,18
5,27,0.05,2
5,28,0.1,4
5,29,0.1375,4
5,30,0.05,3
5,31,1.0,28
5,32,0.2375,10
5,33,0.025,1
5,34,1.0,27
5,35,1.0,29
5,36,0.0375,1
5,37,0.025,1
5,38,0.225,6
5,39,1.0,22
6,0,0.125,2
6,1,1.0,30
6,2,0.15,3
6,3,1.0,25
6,4,0.1,1
6,5,0.125,3
6,6,0.1875,4
6,7,0.3875,8
6,8,1.0,22
6,9,0.1,1
6,10,1.0,20
6,11,0.2,8
6,12,1.0,14
6,13,0.1,2
6,14,0.1,1
6,15,1.0,23
6,16,0.1,1
6,17,0.1,1
6,18,0.4,6
6,19,0.1125,2
6,20,1.0,21
6,21,1.0,21
6,22,0.1,1
6,23,1.0,19
6,24,0.125,4
6,25,0.1625,2
6,26,1.0,25
6,27,0.1125,2
6,28,1.0,22
6,29,0.125,3
6,30,1.0,23
6,31,1.0,24
6,32,0.1375,4
6,33,1.0,22
6,34,1.0,24
6,35,0.1,1
6,36,0.0875,1
6,37,1.0,22
6,38,0.0875,1
6,39,0.1875,3
7,0,0.075,3
7,1,0.1875,4
7,2,0.0625,2
7,3,0.0875,5
7,4,1.0,26
7,5,1.0,24
7,6,1.0,24
7,7,0.025,1
7,8,0.0375,1
7,9,0.75,17
7,10,1.0,23
7,11,1.0,26
7,12,0.1375,3
7,13,0.025,1
7,14,1.0,21
7,15,1.0,25
7,16,0.025,1
7,17,1.0,18
7,18,0.1,3
7,19,0.05,2
7,20,0.0875,4
7,21,1.0,23
7,22,0.025,1
7,23,0.0375,2
7,24,0.125,3
7,25,1.0,23
7,26,0.0625,2
7,27,0.025,1
7,28,0.025,1
7,29,0.0375,2
7,30,0.025,1
7,31,0.05,2
7,32,1.0,23
7,33,0.025,1
7,34,0.025,1
7,35,0.1,3
7,36,0.025,1
7,37,1.0,16
7,38,0.5625,17
7,39,1.0,27
8,0,0.05,1
8,1,1.0,22
8,2,0.0625,2
8,3,1.0,26
8,4,1.0,26
8,5,0.0375,1
8,6,1.0,21
8,7,0.0375,1
8,8,0.0375,1
8,9,0.05,3
8,10,1.0,26
8,11,0.0375,1
8,12,1.0,22
8,13,0.075,4
8,14,0.05,1
8,15,1.0,24
8,16,0.05,1
8,17,0.325,11
8,18,1.0,27
8,19,1.0,25
8,20,0.2,7
8,21,0.175,6
8,22,1.0,27
8,23,0.225,7
8,24,1.0,23
8,25,0.1,4
8,26,1.0,20
8,27,0.0375,1
8,28,1.0,29
8,29,0.0625,2
8,30,0.1,3
8,31,1.0,22
8,32,0.1375,5
8,33,0.0375,1
8,34,0.1625,5
8,35,0.1375,6
8,36,1.0,22
8,37,0.075,3
8,38,0.075,3
8,39,1.0,24
9,0,0.0125,0
9,1,1.0,20
9,2,0.0125,0
9,3,1.0,25
9,4,0.1,3
9,5,0.0375,2
9,6,0.025,1
9,7,0.0125,0
9,8,0.0125,0
9,9,0.9875,22
9,10,0.0125,0
9,11,0.0125,0
9,12,0.0125,0
9,13,0.225,9
9,14,0.0125,0
9,15,0.0125,0
9,16,0.1125,2
9,17,0.025,1
9,18,0.025,1
9,19,0.0375,1
9,20,0.0125,0
9,21,0.125,4
9,22,0.0125,0
9,23,0.0125,0
9,24,0.025,1
9,25,0.15,4
9,26,0.0125,0
9,27,0.0625,2
9,28,0.075,2
9,29,1.0,17
9,30,0.0125,0
9,31,0.15,5
9,32,0.0125,0
9,33,0.0125,0
9,34,0.0125,0
9,35,0.025,1
9,36,1.0,27
9,37,0.0125,0
9,38,0.0125,0
9,39,1.0,19
10,0,1.0,26
10,1,1.0,24
10,2,0.05,3
10,3,1.0,21
10,4,0.0875,4
10,5,1.0,21
10,6,1.0,19
10,7,0.025,2
10,8,1.0,25
10,9,1.0,26
10,10,0.0375,2
10,11,1.0,26
10,12,0.0625,2
10,13,0.075,3
10,14,0.0375,2
10,15,1.0,30
10,16,1.0,23
10,17,1.0,25
10,18,0.025,1
10,19,0.0375,1
10,20,0.0375,2
10,21,1.0,24
10,22,1.0,25
10,23,1.0,27
10,24,0.0875,2
10,25,0.2125,5
10,26,0.075,2
10,27,1.0,24
10,28,0.0625,3
10,29,0.0375,1
10,30,0.0375,2
10,31,1.0,26
10,32,1.0,25
10,33,0.0375,1
10,34,0.025,1
10,35,0.025,1
10,36,0.0375,2
10,37,0.0375,1
10,38,1.0,24
10,39,1.0,27
11,0,1.0,20
11,1,0.0375,1
11,2,0.1375,6
11,3,0.0375,1
11,4,0.1,4
11,5,1.0,27
11,6,0.2,9
11,7,1.0,19
11,8,0.05,1
11,9,1.0,22
11,10,0.125,3
11,11,0.0375,1
11,12,0.2125,7
11,13,0.1,3
11,14,0.0375,1
11,15,0.0625,1
11,16,0.1875,6
11,17,0.05,1
11,18,0.05,1
11,19,0.1,3
11,20,0.0375,1
11,21,0.0375,1
11,22,1.0,28
11,23,0.1125,4
11,24,1.0,25
11,25,1.0,28
11,26,1.0,24
11,27,0.05,3
11,28,0.1125,7
11,29,0.0375,1
11,30,0.075,3
11,31,0.1875,8
11,32,1.0,26
11,33,0.0375,1
11,34,0.0375,1
11,35,0.0375,1
11,36,0.1125,3
11,37,0.05,2
11,38,1.0,27
11,39,1.0,21
12,0,0.1375,4
12,1,1.0,24
12,2,1.0,23
12,3,0.05,1
12,4,0.125,4
12,5,0.1625,5
12,6,0.125,6
12,7,1.0,15
12,8,1.0,21
12,9,1.0,24
12,10,0.0875,4
12,11,0.3875,14
12,12,0.125,3
12,13,0.0625,2
12,14,1.0,28
12,15,0.1375,5
12,16,1.0,29
12,17,1.0,19
12,18,0.075,2
12,19,0.0625,3
12,20,1.0,28
12,21,1.0,17
12,22,0.3,8
12,23,0.125,5
12,24,1.0,24
12,25,0.35,8
12,26,1.0,23
12,27,1.0,26
12,28,1.0,19
12,29,1.0,20
12,30,1.0,22
12,31,0.0625,1
12,32,0.05,3
12,33,1.0,31
12,34,0.05,1
12,35,1.0,21
12,36,0.05,1
12,37,0.225,6
12,38,1.0,22
12,39,0.075,2
13,0,1.0,21
13,1,0.0125,0
13,2,0.0625,4
13,3,0.0625,2
13,4,1.0,27
13,5,0.05,3
13,6,1.0,24
13,7,1.0,22
13,8,0.0125,0
13,9,0.0125,0
13,10,1.0,23
13,11,0.0125,0
13,12,0.025,1
13,13,0.05,2
13,14,0.0125,0
13,15,0.0125,0
13,16,0.0875,3
13,17,0.15,3
13,18,1.0,21
13,19,0.05,3
13,20,0.0125,0
13,21,0.1625,6
13,22,0.0125,0
13,23,0.0125,0
13,24,0.0125,0
13,25,0.0125,0
13,26,0.0125,0
13,27,0.0125,0
13,28,0.0125,0
13,29,0.05,2
13,30,0.0125,0
13,31,0.0125,0
13,32,1.0,25
13,33,0.075,3
13,34,1.0,22
13,35,1.0,23
13,36,0.0125,0
13,37,0.075,3
13,38,0.025,1
13,39,0.0625,2
14,0,0.0125,0
14,1,0.025,1
14,2,0.0125,0
14,3,0.0625,2
14,4,0.0125,0
14,5,1.0,23
14,6,0.0125,0
14,7,0.0875,4
14,8,0.2125,8
14,9,0.0125,0
14,10,0.0125,0
14,11,0.0125,0
14,12,0.025,1
14,13,0.0125,0
14,14,0.175,8
14,15,0.0125,0
14,16,0.05,2
14,17,0.0125,0
14,18,1.0,19
14,19,1.0,27
14,20,0.05,2
14,21,0.05,2
14,22,0.0375,1
14,23,0.0125,0
14,24,1.0,26
14,25,0.0125,0
14,26,0.15,8
14,27,0.0125,0
14,28,0.0125,0
14,29,1.0,14
14,30,0.0125,0
14,31,0.1,6
14,32,0.0125,0
14,33,0.0125,0
14,34,0.0125,0
14,35,0.0125,0
14,36,0.0125,0
14,37,0.0125,0
14,38,0.025,1
14,39,0.0125,0
15,0,1.0,22
15,1,1.0,27
15,2,0.025,1
15,3,0.0875,2
15,4,1.0,26
15,5,1.0,33
15,6,0.0625,2
15,7,0.025,1
15,8,0.1,2
15,9,0.0625,2
15,10,1.0,24
15,11,0.0625,1
15,12,1.0,23
15,13,1.0,20
15,14,0.15,5
15,15,1.0,19
15,16,1.0,19
15,17,0.0875,5
15,18,0.0375,2
15,19,0.025,1
15,20,1.0,21
15,21,0.025,1
15,22,0.075,3
15,23,0.025,1
15,24,0.4,11
15,25,0.1,5
15,26,1.0,27
15,27,1.0,23
15,28,1.0,26
15,29,0.025,1
15,30,0.125,4
15,31,1.0,34
15,32,1.0,31
15,33,1.0,25
15,34,0.15,6
15,35,0.1,2
15,36,1.0,27
15,37,0.025,1
15,38,1.0,25
15,39,0.025,1
16,0,0.1375,3
16,1,1.0,24
16,2,1.0,23
16,3,1.0,20
16,4,1.0,25
16,5,0.0375,1
16,6,1.0,24
16,7,0.2875,10
16,8,1.0,25
16,9,1.0,24
16,10,1.0,30
16,11,1.0,20
16,12,0.0625,2
16,13,0.1,3
16,14,0.175,8
16,15,0.175,8
16,16,1.0,25
16,17,0.075,3
16,18,0.4125,12
16,19,1.0,27
16,20,0.0625,3
16,21,0.5375,17
16,22,1.0,22
16,23,0.1625,5
16,24,0.1,3
16,25,1.0,25
16,26,0.1,3
16,27,1.0,23
16,28,0.1,3
16,29,1.0,17
16,30,0.5,18
16,31,0.025,1
16,32,0.025,1
16,33,1.0,26
16,34,1.0,22
16,35,0.075,2
16,36,0.4,9
16,37,1.0,23
16,38,0.0625,2
16,39,0.025,1
17,0,1.0,27
17,1,1.0,27
17,2,0.025,1
17,3,1.0,23
17,4,0.025,1
17,5,0.1,3
17,6,0.025,1
17,7,0.025,1
17,8,1.0,25
17,9,0.075,5
17,10,0.1625,4
17,11,0.05,2
17,12,1.0,35
17,13,0.125,3
17,14,1.0,28
17,15,0.025,1
17,16,0.0875,3
17,17,0.025,1
17,18,0.0375,1
17,19,0.075,3
17,20,0.0875,4
17,21,1.0,24
17,22,1.0,24
17,23,1.0,26
17,24,0.0875,3
17,25,0.025,1
17,26,0.0625,2
17,27,0.0625,2
17,28,1.0,25
17,29,0.05,1
17,30,0.05,2
17,31,0.1875,5
17,32,1.0,22
17,33,0.025,1
17,34,1.0,25
17,35,0.025,1
17,36,0.025,1
17,37,0.1125,6
17,38,0.025,1
17,39,0.075,2
18,0,0.025,1
18,1,0.025,1
18,2,0.0375,2
18,3,0.3375,10
18,4,0.0875,6
18,5,1.0,26
18,6,0.025,1
18,7,1.0,24
18,8,0.0375,1
18,9,1.0,18
18,10,0.025,1
18,11,0.2,8
18,12,1.0,25
18,13,0.1375,6
18,14,0.0375,2
18,15,0.0375,2
18,16,0.0875,4
18,17,0.0375,1
18,18,1.0,22
18,19,0.125,4
18,20,1.0,26
18,21,1.0,23
18,22,0.025,1
18,23,0.025,1
18,24,0.05,3
18,25,0.1125,5
18,26,1.0,25
18,27,1.0,22
18,28,0.025,1
18,29,0.125,7
18,30,0.025,1
18,31,0.0875,3
18,32,0.05,2
18,33,1.0,24
18,34,0.0875,4
18,35,0.025,1
18,36,0.05,2
18,37,0.025,1
18,38,0.0625,4
18,39,0.025,1
19,0,0.025,1
19,1,0.225,6
19,2,0.0375,1
19,3,0.025,2
19,4,0.0625,4
19,5,0.025,1
19,6,0.0375,1
19,7,0.025,1
19,8,0.025,1
19,9,1.0,19
19,10,1.0,24
19,11,0.025,1
19,12,0.0375,1
19,13,1.0,26
19,14,0.1,4
19,15,1.0,21
19,16,0.025,1
19,17,1.0,23
19,18,0.025,1
19,19,0.0625,2
19,20,0.025,1
19,21,0.025,1
19,22,0.125,6
19,23,0.025,1
19,24,1.0,26
19,25,0.0375,1
19,26,0.05,2
19,27,1.0,19
19,28,0.025,1
19,29,0.3875,9
19,30,0.025,1
19,31,0.0625,3
19,32,1.0,24
19,33,0.025,2
19,34,0.0375,1
19,35,1.0,26
19,36,0.05,2
19,37,0.05,3
19,38,1.0,25
19,39,0.0875,2
20,0,1.0,26
20,1,1.0,17
20,2,0.2,8
20,3,0.3,11
20,4,1.0,25
20,5,1.0,24
20,6,0.0375,1
20,7,0.0375,1
20,8,0.15,4
20,9,0.0375,1
20,10,0.0625,3
20,11,1.0,31
20,12,0.1,3
20,13,1.0,21
20,14,1.0,22
20,15,0.05,1
20,16,0.05,2
20,17,0.0875,5
20,18,0.0625,3
20,19,0.0375,1
20,20,1.0,18
20,21,0.1375,6
20,22,0.1,3
20,23,1.0,23
20,24,0.0375,1
20,25,1.0,31
20,26,0.3,7
20,27,0.1625,4
20,28,1.0,21
20,29,0.075,5
20,30,0.0625,3
20,31,1.0,29
20,32,0.1625,4
20,33,0.1,7
20,34,0.2875,7
20,35,1.0,25
20,36,0.0375,1
20,37,0.0375,1
20,38,0.0375,1
20,39,0.05,1
21,0,0.0125,0
21,1,0.0125,0
21,2,1.0,24
21,3,0.0125,0
21,4,0.05,2
21,5,0.05,2
21,6,0.1375,6
21,7,0.0125,0
21,8,0.0125,0
21,9,0.025,1
21,10,0.0375,3
21,11,0.0125,0
21,12,1.0,21
21,13,1.0,26
21,14,1.0,22
21,15,0.0125,0
21,16,0.0125,0
21,17,0.025,1
21,18,0.0375,2
21,19,0.0125,0
21,20,0.0875,5
21,21,1.0,26
21,22,1.0,25
21,23,1.0,29
21,24,0.025,1
21,25,1.0,23
21,26,0.0125,0
21,27,1.0,25
21,28,0.075,2
21,29,1.0,25
21,30,0.1,4
21,31,0.25,9
21,32,0.0125,0
21,33,0.125,4
21,34,1.0,23
21,35,0.0375,2
21,36,0.0125,0
21,37,0.05,2
21,38,0.0125,0
21,39,0.025,1
22,0,0.225,6
22,1,0.05,1
22,2,0.275,9
22,3,0.0375,2
22,4,0.0875,3
22,5,0.0375,1
22,6,0.1375,4
22,7,0.0375,1
22,8,1.0,29
22,9,0.0375,1
22,10,0.0375,1
22,11,0.1625,7
22,12,0.1,4
22,13,1.0,28
22,14,1.0,30
22,15,1.0,23
22,16,1.0,20
22,17,0.05,2
22,18,0.0875,3
22,19,0.05,1
22,20,0.0375,1
22,21,0.075,3
22,22,0.0375,1
22,23,1.0,21
22,24,1.0,20
22,25,1.0,21
22,26,0.0375,1
22,27,0.1,4
22,28,0.0625,2
22,29,0.05,1
22,30,0.0375,1
22,31,0.0375,1
22,32,0.225,8
22,33,0.125,5
22,34,1.0,27
22,35,0.0375,1
22,36,0.075,4
22,37,0.15,8
22,38,0.1375,6
22,39,0.05,1
23,0,0.0125,0
23,1,0.0125,0
23,2,0.0375,2
23,3,1.0,20
23,4,0.0125,0
23,5,0.0125,0
23,6,0.0125,0
23,7,1.0,33
23,8,1.0,26
23,9,0.0125,0
23,10,1.0,26
23,11,0.1125,5
23,12,0.2,8
23,13,0.0125,0
23,14,1.0,23
23,15,0.0125,0
23,16,0.9875,24
23,17,0.0125,0
23,18,0.0125,0
23,19,1.0,26
23,20,0.0125,0
23,21,0.3,10
23,22,0.0125,0
23,23,0.0125,0
23,24,0.0125,0
23,25,1.0,23
23,26,0.0125,0
23,27,0.0125,0
23,28,0.0125,0
23,29,0.0125,0
23,30,0.0125,0
23,31,0.125,5
23,32,0.25,8
23,33,1.0,23
23,34,0.0125,0
23,35,0.0125,0
23,36,1.0,30
23,37,1.0,30
23,38,0.0125,0
23,39,1.0,18
24,0,0.05,2
24,1,0.025,1
24,2,0.0125,0
24,3,0.05,2
24,4,0.0125,0
24,5,0.0125,0
24,6,1.0,30
24,7,0.0375,2
24,8,0.0625,2
24,9,1.0,26
24,10,1.0,24
24,11,0.0125,0
24,12,0.0125,0
24,13,0.0125,0
24,14,0.0125,0
24,15,0.0375,2
24,16,0.0125,0
24,17,0.225,8
24,18,0.0125,0
24,19,0.0125,0
24,20,0.05,4
24,21,0.0125,0
24,22,0.0125,0
24,23,1.0,29
24,24,0.0125,0
24,25,0.0125,0
24,26,1.0,25
24,27,0.0125,0
24,28,0.0375,1
24,29,0.025,1
24,30,0.0125,0
24,31,0.0125,0
24,32,0.0125,0
24,33,0.0125,0
24,34,0.0125,0
24,35,0.1,5
24,36,1.0,31
24,37,0.0125,0
24,38,1.0,26
24,39,0.1,4
25,0,0.1,4
25,1,0.1,2
25,2,0.0125,0
25,3,0.0125,0
25,4,0.0125,0
25,5,0.05,2
25,6,0.0625,2
25,7,0.0125,0
25,8,0.0375,2
25,9,1.0,23
25,10,0.0125,0
25,11,1.0,29
25,12,0.0125,0
25,13,0.125,7
25,14,1.0,29
25,15,0.0875,4
25,16,1.0,23
25,17,0.0125,0
25,18,0.1,4
25,19,0.125,4
25,20,0.0125,0
25,21,1.0,23
25,22,0.0125,0
25,23,0.025,1
25,24,0.0125,0
25,25,1.0,25
25,26,0.0125,0
25,27,0.0125,0
25,28,0.0125,0
25,29,0.025,1
25,30,0.025,1
25,31,1.0,28
25,32,0.0125,0
25,33,0.05,2
25,34,0.2,5
25,35,0.0125,0
25,36,0.0125,0
25,37,0.0125,0
25,38,0.0625,2
25,39,0.0125,0
26,0,1.0,22
26,1,0.0125,0
26,2,1.0,24
26,3,1.0,25
26,4,1.0,18
26,5,0.0125,0
26,6,0.0125,0
26,7,0.0125,0
26,8,1.0,29
26,9,0.0125,0
26,10,0.0125,0
26,11,0.0125,0
26,12,1.0,23
26,13,0.0125,0
26,14,0.0125,0
26,15,0.025,1
26,16,1.0,27
26,17,0.025,1
26,18,0.425,10
26,19,0.1625,6
26,20,0.0625,3
26,21,0.0125,0
26,22,0.025,1
26,23,0.025,1
26,24,0.0125,0
26,25,0.0125,0
26,26,0.1,4
26,27,1.0,20
26,28,0.0125,0
26,29,1.0,24
26,30,1.0,35
26,31,0.2,8
26,32,0.0125,0
26,33,1.0,24
26,34,0.0125,0
26,35,1.0,24
26,36,0.0375,2
26,37,0.0875,3
26,38,1.0,24
26,39,0.025,1
27,0,1.0,21
27,1,0.1125,3
27,2,0.0375,1
27,3,0.05,2
27,4,0.15,4
27,5,0.1,5
27,6,0.0375,2
27,7,1.0,22
27,8,0.05,2
27,9,0.025,1
27,10,0.975,18
27,11,1.0,28
27,12,1.0,21
27,13,0.0375,1
27,14,0.025,1
27,15,0.025,1
27,16,0.0875,4
27,17,1.0,22
27,18,0.1625,5
27,19,1.0,27
27,20,0.0375,1
27,21,1.0,27
27,22,0.025,1
27,23,0.025,1
27,24,0.025,1
27,25,0.05,3
27,26,0.175,7
27,27,0.0625,2
27,28,0.1375,6
27,29,1.0,22
27,30,1.0,26
27,31,1.0,28
27,32,0.075,4
27,33,0.075,2
27,34,0.1125,7
27,35,0.0875,6
27,36,0.15,6
27,37,0.025,1
27,38,0.0375,1
27,39,1.0,25
28,0,0.1375,4
28,1,1.0,27
28,2,0.05,1
28,3,1.0,20
28,4,0.1125,5
28,5,0.075,2
28,6,0.0375,1
28,7,0.175,2
28,8,0.075,2
28,9,0.05,2
28,10,1.0,24
28,11,0.1375,3
28,12,0.05,1
28,13,1.0,24
28,14,0.05,1
28,15,1.0,21
28,16,1.0,22
28,17,1.0,26
28,18,0.0875,3
28,19,0.0375,1
28,20,0.3625,11
28,21,1.0,31
28,22,0.0375,1
28,23,0.0375,1
28,24,1.0,25
28,25,1.0,24
28,26,1.0,19
28,27,0.0375,3
28,28,0.05,1
28,29,0.05,1
28,30,1.0,21
28,31,0.0375,1
28,32,0.075,4
28,33,0.0375,1
28,34,0.2125,7
28,35,0.0375,1
28,36,0.15,3
28,37,1.0,25
28,38,0.1,3
28,39,0.2875,6
29,0,1.0,23
29,1,1.0,27
29,2,1.0,21
29,3,0.0375,2
29,4,1.0,21
29,5,0.0625,2
29,6,0.1875,7
29,7,0.0625,3
29,8,1.0,19
29,9,0.025,1
29,10,0.15,7
29,11,1.0,23
29,12,1.0,18
29,13,0.0375,2
29,14,0.3625,12
29,15,0.025,1
29,16,0.025,1
29,17,0.15,7
29,18,0.025,1
29,19,0.025,1
29,20,0.025,1
29,21,0.0375,2
29,22,0.025,2
29,23,1.0,26
29,24,0.025,1
29,25,1.0,22
29,26,1.0,26
29,27,0.1375,6
29,28,1.0,30
29,29,0.0625,2
29,30,0.025,1
29,31,0.025,1
29,32,0.4,6
29,33,1.0,21
29,34,0.2,8
29,35,1.0,24
29,36,0.025,1
29,37,0.05,2
29,38,0.025,1
29,39,0.025,1
30,0,0.0125,0
30,1,0.0125,0
30,2,0.0125,0
30,3,0.0125,0
30,4,0.0125,0
30,5,0.0125,0
30,6,0.0125,0
30,7,0.15,5
30,8,0.0125,0
30,9,1.0,25
30,10,0.0125,0
30,11,0.0125,0
30,12,0.0125,0
30,13,0.0625,2
30,14,0.0125,0
30,15,0.0125,0
30,16,0.1625,5
30,17,0.05,3
30,18,0.0125,0
30,19,0.025,1
30,20,0.025,1
30,21,1.0,19
30,22,0.0125,0
30,23,0.0625,2
30,24,0.025,1
30,25,1.0,18
30,26,0.0125,0
30,27,1.0,25
30,28,1.0,21
30,29,1.0,26
30,30,1.0,23
30,31,0.0125,0
30,32,0.0125,0
30,33,0.0125,0
30,34,0.1875,6
30,35,0.125,4
30,36,0.05,3
30,37,0.025,1
30,38,0.45,10
30,39,0.0125,0
31,0,1.0,27
31,1,0.025,1
31,2,0.075,4
31,3,0.1,5
31,4,0.05,2
31,5,0.05,2
31,6,0.025,1
31,7,0.025,1
31,8,0.025,2
31,9,1.0,20
31,10,0.1,5
31,11,0.0375,2
31,12,0.025,1
31,13,0.1,4
31,14,0.075,2
31,15,0.025,1
31,16,0.0375,1
31,17,1.0,20
31,18,0.025,1
31,19,0.025,1
31,20,1.0,24
31,21,0.075,4
31,22,1.0,35
31,23,1.0,26
31,24,1.0,25
31,25,0.2375,10
31,26,0.025,1
31,27,0.1375,5
31,28,0.2125,6
31,29,0.0375,2
31,30,1.0,22
31,31,0.0625,4
31,32,0.0375,1
31,33,0.0375,1
31,34,0.025,1
31,35,0.2375,8
31,36,1.0,20
31,37,1.0,30
31,38,0.1375,5
31,39,0.025,1
32,0,0.0125,0
32,1,0.0125,0
32,2,0.0125,0
32,3,0.025,1
32,4,0.1375,7
32,5,1.0,19
32,6,0.0125,0
32,7,0.1625,7
32,8,0.0125,0
32,9,0.1125,2
32,10,0.15,5
32,11,0.175,5
32,12,0.025,1
32,13,1.0,26
32,14,1.0,27
32,15,1.0,18
32,16,0.025,1
32,17,0.025,1
32,18,0.025,1
32,19,0.075,3
32,20,0.0125,0
32,21,1.0,24
32,22,0.0625,2
32,23,0.0125,0
32,24,0.0125,0
32,25,0.0125,0
32,26,0.0125,0
32,27,1.0,24
32,28,0.0125,0
32,29,0.1375,5
32,30,0.0125,0
32,31,0.225,7
32,32,1.0,25
32,33,0.15,5
32,34,0.0625,4
32,35,0.0125,0
32,36,1.0,16
32,37,1.0,23
32,38,0.0125,0
32,39,0.15,4
33,0,0.05,3
33,1,0.025,1
33,2,0.0125,0
33,3,0.0125,0
33,4,0.0875,2
33,5,0.0125,0
33,6,1.0,28
33,7,0.0125,0
33,8,0.1375,6
33,9,0.1,3
33,10,0.0125,0
33,11,0.0125,0
33,12,1.0,25
33,13,0.2375,9
33,14,0.0125,0
33,15,0.0125,0
33,16,0.0375,2
33,17,0.0125,0
33,18,0.025,1
33,19,0.0125,0
33,20,0.0125,0
33,21,0.0125,0
33,22,1.0,26
33,23,0.0125,0
33,24,0.075,2
33,25,0.1875,9
33,26,1.0,27
33,27,0.05,2
33,28,0.025,1
33,29,0.0375,2
33,30,0.025,1
33,31,0.0125,0
33,32,0.0125,0
33,33,0.0125,0
33,34,0.0125,0
33,35,0.0125,0
33,36,0.0125,0
33,37,0.0125,0
33,38,0.025,1
33,39,0.0125,0
34,0,1.0,25
34,1,1.0,23
34,2,0.8875,22
34,3,0.05,1
34,4,1.0,25
34,5,1.0,19
34,6,0.0125,0
34,7,1.0,27
34,8,1.0,33
34,9,0.0125,0
34,10,0.0375,1
34,11,0.0125,0
34,12,1.0,22
34,13,1.0,25
34,14,1.0,24
34,15,1.0,23
34,16,0.0375,1
34,17,0.0125,0
34,18,0.0125,0
34,19,0.0125,0
34,20,1.0,21
34,21,0.0125,0
34,22,0.0125,0
34,23,0.1125,7
34,24,0.025,1
34,25,0.0125,0
34,26,1.0,24
34,27,1.0,27
34,28,0.325,11
34,29,0.0875,4
34,30,0.025,1
34,31,0.025,1
34,32,0.05,3
34,33,0.075,4
34,34,0.125,5
34,35,1.0,23
34,36,0.0125,0
34,37,0.0125,0
34,38,0.025,1
34,39,0.0125,0
35,0,1.0,23
35,1,1.0,19
35,2,0.0375,1
35,3,0.1,3
35,4,0.0625,2
35,5,0.025,1
35,6,0.025,1
35,7,0.0375,1
35,8,1.0,20
35,9,0.0875,2
35,10,0.025,1
35,11,0.0625,2
35,12,0.025,1
35,13,0.0875,2
35,14,1.0,25
35,15,0.075,3
35,16,1.0,26
35,17,0.2,9
35,18,0.075,4
35,19,0.025,1
35,20,1.0,21
35,21,1.0,22
35,22,1.0,23
35,23,1.0,25
35,24,0.025,1
35,25,0.025,1
35,26,1.0,27
35,27,0.2625,8
35,28,0.1125,2
35,29,0.0375,2
35,30,0.325,14
35,31,0.0375,1
35,32,0.2,7
35,33,1.0,29
35,34,0.025,1
35,35,0.0625,2
35,36,0.025,1
35,37,0.05,2
35,38,0.075,2
35,39,0.2375,9
36,0,0.0125,0
36,1,0.0125,0
36,2,0.0625,2
36,3,0.0125,0
36,4,0.15,6
36,5,0.0125,0
36,6,0.0125,0
36,7,0.0125,0
36,8,0.0125,0
36,9,1.0,28
36,10,0.0125,0
36,11,0.0125,0
36,12,0.0375,2
36,13,0.0125,0
36,14,1.0,23
36,15,1.0,21
36,16,0.0125,0
36,17,0.0375,2
36,18,1.0,22
36,19,0.0125,0
36,20,0.0125,0
36,21,0.0125,0
36,22,0.0125,0
36,23,0.0125,0
36,24,0.0125,0
36,25,0.0125,0
36,26,0.0375,2
36,27,0.025,1
36,28,0.0125,0
36,29,0.2,5
36,30,0.0125,0
36,31,1.0,26
36,32,1.0,20
36,33,0.0125,0
36,34,0.0375,2
36,35,0.0125,0
36,36,1.0,31
36,37,0.0625,2
36,38,0.0125,0
36,39,0.025,1
37,0,1.0,23
37,1,0.0625,2
37,2,1.0,22
37,3,1.0,20
37,4,1.0,19
37,5,1.0,21
37,6,0.1625,5
37,7,0.0625,3
37,8,0.0625,1
37,9,0.05,1
37,10,0.0375,1
37,11,0.0375,1
37,12,0.0375,1
37,13,0.2375,8
37,14,1.0,26
37,15,0.0875,3
37,16,1.0,27
37,17,0.0375,1
37,18,0.125,6
37,19,0.375,11
37,20,0.0375,2
37,21,0.05,1
37,22,1.0,29
37,23,0.35,8
37,24,0.3875,11
37,25,0.05,1
37,26,1.0,21
37,27,1.0,25
37,28,0.0375,1
37,29,0.2625,7
37,30,1.0,22
37,31,1.0,24
37,32,0.1,3
37,33,1.0,19
37,34,0.05,1
37,35,0.1,4
37,36,0.1125,2
37,37,0.1375,5
37,38,0.05,2
37,39,0.0375,1
38,0,0.075,5
38,1,0.025,1
38,2,1.0,22
38,3,0.025,1
38,4,0.075,5
38,5,0.1875,9
38,6,1.0,23
38,7,0.075,3
38,8,0.0375,2
38,9,0.025,1
38,10,0.0625,3
38,11,1.0,21
38,12,1.0,37
38,13,0.1,3
38,14,0.25,11
38,15,0.025,2
38,16,0.025,1
38,17,0.0375,1
38,18,0.0375,2
38,19,1.0,25
38,20,1.0,25
38,21,1.0,23
38,22,1.0,24
38,23,0.05,3
38,24,0.0375,1
38,25,0.025,1
38,26,1.0,21
38,27,0.025,1
38,28,0.25,6
38,29,1.0,28
38,30,0.15,4
38,31,1.0,27
38,32,0.15,5
38,33,0.025,1
38,34,0.0875,3
38,35,0.075,2
38,36,1.0,22
38,37,0.025,1
38,38,1.0,25
38,39,0.0625,2
39,0,0.0125,0
39,1,0.0125,0
39,2,0.0125,0
39,3,0.0875,3
39,4,0.0125,0
39,5,1.0,29
39,6,0.15,5
39,7,0.0125,0
39,8,0.0125,0
39,9,0.0375,2
39,10,0.0125,0
39,11,0.025,1
39,12,1.0,21
39,13,0.025,1
39,14,0.0125,0
39,15,0.0375,1
39,16,1.0,29
39,17,0.0125,0
39,18,0.05,2
39,19,0.0875,5
39,20,1.0,22
39,21,0.0125,0
39,22,0.0125,0
39,23,0.0125,0
39,24,0.0125,0
39,25,0.025,1
39,26,1.0,23
39,27,1.0,28
39,28,0.0125,0
39,29,0.025,1
39,30,1.0,24
39,31,0.0125,0
39,32,0.1375,4
39,33,0.1375,5
39,34,0.0125,0
39,35,0.0125,0
39,36,0.0125,0
39,37,0.125,4
39,38,0.1375,7
39,39,0.0875,5
40,0,1.0,23
40,1,0.05,1
40,2,0.15,7
40,3,1.0,22
40,4,0.1125,2
40,5,1.0,27
40,6,0.075,2
40,7,1.0,20
40,8,0.0625,2
40,9,1.0,22
40,10,0.1125,2
40,11,1.0,19
40,12,0.05,1
40,13,1.0,25
40,14,1.0,27
40,15,0.1875,6
40,16,1.0,23
40,17,1.0,25
40,18,1.0,18
40,19,0.05,1
40,20,1.0,21
40,21,0.1125,5
40,22,1.0,22
40,23,1.0,30
40,24,1.0,17
40,25,1.0,25
40,26,0.1125,4
40,27,0.15,4
40,28,0.05,1
40,29,0.05,2
40,30,1.0,26
40,31,1.0,26
40,32,0.1875,10
40,33,1.0,24
40,34,1.0,22
40,35,0.0625,1
40,36,1.0,26
40,37,0.075,2
40,38,0.0875,2
40,39,1.0,27
41,0,0.0125,0
41,1,0.0125,0
41,2,0.4125,9
41,3,0.0125,0
41,4,0.05,2
41,5,0.0125,0
41,6,1.0,28
41,7,0.0125,0
41,8,0.0125,0
41,9,1.0,25
41,10,1.0,24
41,11,0.125,5
41,12,0.1,5
41,13,0.0125,0
41,14,1.0,27
41,15,0.0125,0
41,16,0.05,2
41,17,1.0,24
41,18,0.0125,0
41,19,0.0125,0
41,20,0.2375,6
41,21,1.0,20
41,22,0.0375,2
41,23,0.0125,0
41,24,0.025,1
41,25,1.0,20
41,26,0.0125,0
41,27,0.075,4
41,28,0.0125,0
41,29,0.0375,2
41,30,0.2,9
41,31,0.1,3
41,32,1.0,22
41,33,0.0125,0
41,34,0.0125,0
41,35,0.0125,0
41,36,1.0,17
41,37,0.025,1
41,38,0.0125,0
41,39,0.0125,0
42,0,0.0125,0
42,1,1.0,18
42,2,0.0375,1
42,3,0.0625,2
42,4,0.0125,0
42,5,1.0,23
42,6,0.0125,0
42,7,0.1,6
42,8,0.0125,0
42,9,0.0125,0
42,10,0.0125,0
42,11,0.0125,0
42,12,0.025,1
42,13,1.0,18
42,14,0.075,2
42,15,0.0875,3
42,16,1.0,28
42,17,1.0,20
42,18,0.05,2
42,19,0.025,1
42,20,0.025,1
42,21,0.0125,0
42,22,0.025,1
42,23,0.0625,2
42,24,0.0125,0
42,25,0.0125,0
42,26,0.0375,2
42,27,0.0125,0
42,28,0.0125,0
42,29,0.1125,3
42,30,0.3625,11
42,31,0.0125,0
42,32,0.5875,13
42,33,0.0125,0
42,34,0.0125,0
42,35,1.0,27
42,36,0.0375,2
42,37,0.075,3
42,38,0.0125,0
42,39,0.0125,0
43,0,1.0,25
43,1,0.0125,0
43,2,0.0125,0
43,3,0.0125,0
43,4,0.0125,0
43,5,0.0125,0
43,6,0.0125,0
43,7,0.0125,0
43,8,0.0125,0
43,9,0.0125,0
43,10,0.0125,0
43,11,0.0125,0
43,12,0.05,2
43,13,0.275,9
43,14,0.0125,0
43,15,0.0125,0
43,16,0.0125,0
43,17,1.0,24
43,18,0.0125,0
43,19,0.0125,0
43,20,0.1625,5
43,21,0.05,2
43,22,1.0,22
43,23,0.0125,0
43,24,0.025,1
43,25,1.0,30
43,26,0.1375,5
43,27,0.075,2
43,28,1.0,23
43,29,0.0125,0
43,30,0.3375,8
43,31,0.0125,0
43,32,1.0,25
43,33,0.0125,0
43,34,1.0,28
43,35,0.0125,0
43,36,1.0,24
43,37,0.0125,0
43,38,0.0375,2
43,39,1.0,25
44,0,0.075,2
44,1,0.1375,5
44,2,1.0,23
44,3,0.0125,0
44,4,0.0125,0
44,5,0.0125,0
44,6,0.0125,0
44,7,0.0375,2
44,8,0.0125,0
44,9,0.0125,0
44,10,0.025,1
44,11,0.025,1
44,12,0.0125,0
44,13,0.0125,0
44,14,1.0,28
44,15,0.0125,0
44,16,0.0125,0
44,17,0.025,1
44,18,1.0,24
44,19,1.0,24
44,20,0.0625,5
44,21,1.0,29
44,22,0.0125,0
44,23,0.0875,5
44,24,0.05,3
44,25,0.0125,0
44,26,0.0125,0
44,27,0.0125,0
44,28,0.0125,0
44,29,0.1,5
44,30,1.0,28
44,31,1.0,21
44,32,1.0,23
44,33,0.0125,0
44,34,0.0125,0
44,35,0.225,6
44,36,0.0125,0
44,37,1.0,22
44,38,0.0125,0
44,39,1.0,27
45,0,0.375,18
45,1,0.0375,1
45,2,0.1,2
45,3,1.0,22
45,4,0.1,5
45,5,0.3375,11
45,6,1.0,25
45,7,0.025,1
45,8,1.0,23
45,9,0.1125,6
45,10,0.025,1
45,11,1.0,25
45,12,1.0,32
45,13,0.325,8
45,14,0.025,1
45,15,0.0375,1
45,16,1.0,23
45,17,1.0,23
45,18,1.0,20
45,19,0.0875,6
45,20,0.025,1
45,21,0.0625,3
45,22,0.025,1
45,23,1.0,22
45,24,0.05,1
45,25,1.0,26
45,26,0.075,3
45,27,0.05,1
45,28,0.1625,8
45,29,1.0,16
45,30,1.0,26
45,31,0.075,3
45,32,1.0,21
45,33,0.1375,3
45,34,1.0,28
45,35,0.0875,2
45,36,0.0375,1
45,37,0.0875,4
45,38,0.25,5
45,39,0.025,1
46,0,1.0,25
46,1,0.0125,0
46,2,0.025,1
46,3,0.0125,0
46,4,1.0,20
46,5,0.0125,0
46,6,1.0,25
46,7,0.0125,0
46,8,0.1125,3
46,9,1.0,28
46,10,1.0,28
46,11,0.0125,0
46,12,0.0125,0
46,13,0.05,2
46,14,0.0125,0
46,15,0.0125,0
46,16,0.0125,0
46,17,0.0125,0
46,18,0.025,1
46,19,0.05,3
46,20,0.0125,0
46,21,1.0,25
46,22,0.0375,2
46,23,1.0,23
46,24,0.05,3
46,25,0.15,6
46,26,0.0125,0
46,27,0.0375,2
46,28,0.05,3
46,29,1.0,23
46,30,0.3625,12
46,31,0.05,2
46,32,0.0125,0
46,33,0.0125,0
46,34,0.05,2
46,35,1.0,22
46,36,0.0125,0
46,37,0.025,1
46,38,1.0,21
46,39,0.275,9
47,0,0.0125,0
47,1,0.0125,0
47,2,0.0125,0
47,3,0.0625,2
47,4,0.0125,0
47,5,1.0,21
47,6,1.0,17
47,7,0.0125,0
47,8,1.0,27
47,9,0.0125,0
47,10,0.0375,2
47,11,0.0125,0
47,12,0.0125,0
47,13,0.0125,0
47,14,0.025,1
47,15,1.0,19
47,16,0.0125,0
47,17,1.0,26
47,18,0.125,4
47,19,0.025,1
47,20,0.0125,0
47,21,0.025,1
47,22,0.05,2
47,23,0.0125,0
47,24,1.0,32
47,25,1.0,21
47,26,1.0,25
47,27,0.1375,5
47,28,0.0125,0
47,29,0.0625,3
47,30,0.0125,0
47,31,0.0375,2
47,32,0.0875,3
47,33,0.0125,0
47,34,0.05,2
47,35,0.0125,0
47,36,0.0125,0
47,37,0.05,3
47,38,0.0125,0
47,39,1.0,28
48,0,0.0125,0
48,1,0.0125,0
48,2,0.0125,0
48,3,0.3625,9
48,4,0.025,1
48,5,0.0125,0
48,6,0.0125,0
48,7,0.0125,0
48,8,0.0125,0
48,9,1.0,24
48,10,0.0125,0
48,11,1.0,25
48,12,0.1625,4
48,13,0.0125,0
48,14,0.25,7
48,15,1.0,23
48,16,0.075,4
48,17,0.0125,0
48,18,0.0125,0
48,19,0.0375,2
48,20,0.0125,0
48,21,0.0125,0
48,22,0.4375,19
48,23,0.0625,2
48,24,1.0,24
48,25,0.0125,0
48,26,0.1125,5
48,27,0.1,4
48,28,0.0125,0
48,29,0.0875,3
48,30,0.05,2
48,31,0.0125,0
48,32,0.0125,0
48,33,1.0,20
48,34,0.0125,0
48,35,0.0625,2
48,36,0.25,9
48,37,0.0125,0
48,38,0.0875,4
48,39,0.0125,0
49,0,0.0125,0
49,1,1.0,19
49,2,0.0125,0
49,3,0.025,1
49,4,0.0125,0
49,5,0.075,4
49,6,0.0125,0
49,7,0.0125,0
49,8,0.0125,0
49,9,0.2375,7
49,10,0.075,3
49,11,0.0125,0
49,12,0.0125,0
49,13,0.0125,0
49,14,1.0,24
49,15,0.0125,0
49,16,0.05,2
49,17,0.0125,0
49,18,0.0625,2
49,19,0.0125,0
49,20,0.025,1
49,21,0.0125,0
49,22,0.1875,7
49,23,1.0,29
49,24,0.075,3
49,25,0.0125,0
49,26,0.0125,0
49,27,0.0125,0
49,28,0.0375,1
49,29,0.0125,0
49,30,1.0,29
49,31,0.0625,4
49,32,0.45,13
49,33,0.0125,0
49,34,1.0,25
49,35,0.0125,0
49,36,0.0375,2
49,37,0.0125,0
49,38,0.0125,0
49,39,1.0,25
50,0,0.0125,0
50,1,1.0,31
50,2,0.0125,0
50,3,0.05,2
50,4,0.0125,0
50,5,0.075,5
50,6,0.0375,2
50,7,0.0125,0
50,8,0.125,4
50,9,0.0125,0
50,10,0.1,4
50,11,1.0,22
50,12,0.0125,0
50,13,0.0125,0
50,14,0.05,2
50,15,0.0125,0
50,16,0.075,4
50,17,0.0125,0
50,18,1.0,23
50,19,0.0125,0
50,20,0.05,2
50,21,0.0125,0
50,22,0.0125,0
50,23,1.0,21
50,24,0.125,5
50,25,1.0,24
50,26,0.0125,0
50,27,0.0125,0
50,28,0.05,2
50,29,0.0125,0
50,30,0.0125,0
50,31,1.0,26
50,32,0.0125,0
50,33,0.0125,0
50,34,1.0,26
50,35,0.1375,6
50,36,0.0125,0
50,37,0.05,2
50,38,0.0125,0
50,39,0.0125,0
51,0,0.0125,0
51,1,0.025,1
51,2,0.075,4
51,3,0.0125,0
51,4,0.025,1
51,5,1.0,21
51,6,0.0125,0
51,7,0.0125,0
51,8,0.025,1
51,9,0.0125,0
51,10,1.0,29
51,11,0.025,1
51,12,0.0125,0
51,13,0.0125,0
51,14,0.0125,0
51,15,0.0125,0
51,16,0.0125,0
51,17,0.2125,5
51,18,0.0125,0
51,19,0.0125,0
51,20,1.0,26
51,21,0.0125,0
51,22,0.425,13
51,23,0.0125,0
51,24,0.025,1
51,25,1.0,21
51,26,0.2625,7
51,27,0.1,3
51,28,0.025,1
51,29,1.0,25
51,30,0.0125,0
51,31,0.0875,4
51,32,0.0125,0
51,33,0.0125,0
51,34,0.0875,4
51,35,0.0125,0
51,36,0.0125,0
51,37,0.0125,0
51,38,0.0125,0
51,39,0.2375,8
52,0,0.025,1
52,1,0.075,4
52,2,0.05,2
52,3,0.0625,4
52,4,1.0,27
52,5,0.0375,2
52,6,1.0,23
52,7,0.05,1
52,8,0.0625,3
52,9,0.025,1
52,10,0.1125,3
52,11,0.2375,9
52,12,1.0,24
52,13,0.125,6
52,14,0.0625,2
52,15,0.3875,13
52,16,0.025,1
52,17,0.225,4
52,18,0.25,5
52,19,0.0375,1
52,20,1.0,21
52,21,0.1,4
52,22,0.025,1
52,23,0.0375,1
52,24,0.075,2
52,25,0.025,1
52,26,1.0,21
52,27,0.0625,2
52,28,0.05,1
52,29,1.0,24
52,30,0.0375,1
52,31,0.075,3
52,32,1.0,22
52,33,0.025,1
52,34,0.075,2
52,35,0.0875,4
52,36,0.2,8
52,37,0.0875,4
52,38,0.1375,5
52,39,0.2,6
53,0,0.0375,2
53,1,0.075,6
53,2,1.0,29
53,3,0.0125,0
53,4,0.0125,0
53,5,0.0125,0
53,6,1.0,21
53,7,0.0125,0
53,8,0.0125,0
53,9,0.0125,0
53,10,1.0,23
53,11,0.0125,0
53,12,0.0125,0
53,13,1.0,19
53,14,0.3125,10
53,15,0.0125,0
53,16,1.0,26
53,17,0.0125,0
53,18,0.2,10
53,19,0.0625,2
53,20,0.0125,0
53,21,1.0,27
53,22,0.025,1
53,23,0.0125,0
53,24,0.25,7
53,25,0.0125,0
53,26,0.0125,0
53,27,1.0,25
53,28,0.0125,0
53,29,1.0,28
53,30,0.0125,0
53,31,1.0,26
53,32,0.0125,0
53,33,0.0125,0
53,34,1.0,28
53,35,0.0375,2
53,36,0.0125,0
53,37,0.0125,0
53,38,1.0,25
53,39,0.0125,0
54,0,0.05,2
54,1,1.0,21
54,2,0.0375,1
54,3,1.0,20
54,4,0.0375,2
54,5,1.0,23
54,6,0.0375,1
54,7,0.1,3
54,8,1.0,22
54,9,0.1,4
54,10,0.0375,1
54,11,0.2375,5
54,12,1.0,32
54,13,0.0375,1
54,14,0.0375,1
54,15,0.1875,9
54,16,0.05,1
54,17,0.05,1
54,18,1.0,24
54,19,1.0,24
54,20,0.0375,1
54,21,0.1125,4
54,22,0.0375,1
54,23,1.0,22
54,24,0.0375,1
54,25,0.05,1
54,26,0.0875,5
54,27,0.0625,1
54,28,0.075,3
54,29,1.0,24
54,30,1.0,27
54,31,0.0375,1
54,32,0.0375,1
54,33,1.0,22
54,34,0.15,3
54,35,0.3,7
54,36,0.0375,1
54,37,1.0,18
54,38,0.1125,4
54,39,0.05,2
55,0,0.075,3
55,1,0.0625,2
55,2,0.0625,2
55,3,0.025,1
55,4,0.025,1
55,5,1.0,19
55,6,0.0375,1
55,7,1.0,16
55,8,0.4,15
55,9,0.0375,2
55,10,0.025,1
55,11,0.025,1
55,12,0.125,5
55,13,1.0,24
55,14,0.125,5
55,15,0.0625,4
55,16,0.0375,1
55,17,0.0375,2
55,18,1.0,24
55,19,1.0,23
55,20,0.025,1
55,21,0.025,1
55,22,0.175,6
55,23,1.0,23
55,24,1.0,21
55,25,1.0,26
55,26,0.1125,3
55,27,0.0375,1
55,28,0.0375,1
55,29,0.0375,1
55,30,0.05,2
55,31,0.025,1
55,32,1.0,30
55,33,0.0625,1
55,34,0.05,3
55,35,0.025,1
55,36,0.0625,2
55,37,0.0375,1
55,38,0.0625,2
55,39,0.025,1
56,0,0.0875,3
56,1,0.075,2
56,2,0.1375,6
56,3,0.05,2
56,4,1.0,23
56,5,0.125,4
56,6,0.0375,1
56,7,0.0375,1
56,8,1.0,28
56,9,0.1625,4
56,10,0.025,1
56,11,1.0,23
56,12,0.2625,5
56,13,0.025,1
56,14,0.1875,4
56,15,1.0,23
56,16,1.0,18
56,17,1.0,24
56,18,1.0,24
56,19,0.025,1
56,20,1.0,24
56,21,0.025,1
56,22,0.075,3
56,23,0.05,3
56,24,0.025,1
56,25,1.0,29
56,26,0.0625,3
56,27,0.0375,2
56,28,1.0,23
56,29,0.025,1
56,30,1.0,26
56,31,0.1125,4
56,32,0.225,7
56,33,0.1,5
56,34,0.025,1
56,35,1.0,27
56,36,0.2625,8
56,37,0.0625,3
56,38,0.075,4
56,39,0.025,1
57,0,0.0375,1
57,1,0.05,1
57,2,0.075,3
57,3,0.0375,2
57,4,0.05,3
57,5,0.0375,1
57,6,1.0,28
57,7,0.0375,1
57,8,0.025,1
57,9,0.025,1
57,10,0.0625,3
57,11,0.025,1
57,12,0.0375,1
57,13,0.15,4
57,14,0.025,1
57,15,0.325,12
57,16,0.025,1
57,17,0.025,1
57,18,0.025,1
57,19,0.05,2
57,20,0.0375,1
57,21,0.0625,2
57,22,0.0375,1
57,23,0.0875,3
57,24,0.025,1
57,25,0.025,1
57,26,0.0625,2
57,27,0.025,1
57,28,0.075,4
57,29,0.025,1
57,30,0.15,4
57,31,0.025,1
57,32,0.1,4
57,33,0.0625,3
57,34,0.1,4
57,35,1.0,23
57,36,0.0375,2
57,37,1.0,28
57,38,0.025,1
57,39,0.025,1
58,0,0.0125,0
58,1,0.0375,2
58,2,0.0125,0
58,3,1.0,20
58,4,1.0,19
58,5,1.0,25
58,6,0.0125,0
58,7,1.0,26
58,8,0.0375,1
58,9,0.0625,4
58,10,1.0,29
58,11,0.0125,0
58,12,0.0125,0
58,13,0.1125,3
58,14,0.0125,0
58,15,0.2375,11
58,16,0.1375,3
58,17,0.0125,0
58,18,0.4,11
58,19,0.075,2
58,20,0.0375,2
58,21,0.025,1
58,22,0.15,7
58,23,0.0125,0
58,24,0.025,1
58,25,0.0125,0
58,26,0.0125,0
58,27,0.0875,5
58,28,0.0125,0
58,29,1.0,21
58,30,0.0125,0
58,31,0.0125,0
58,32,0.0125,0
58,33,0.0125,0
58,34,0.025,1
58,35,0.0125,0
58,36,0.0375,2
58,37,0.0125,0
58,38,0.0375,2
58,39,1.0,21
59,0,1.0,21
59,1,0.05,1
59,2,0.05,1
59,3,0.1,3
59,4,1.0,19
59,5,0.05,1
59,6,1.0,21
59,7,0.1,3
59,8,1.0,23
59,9,0.0625,2
59,10,1.0,18
59,11,0.175,6
59,12,0.075,3
59,13,0.075,2
59,14,0.0875,2
59,15,0.1125,2
59,16,0.3,10
59,17,1.0,26
59,18,0.0625,1
59,19,0.0625,1
59,20,0.1375,6
59,21,0.225,8
59,22,0.05,1
59,23,0.05,1
59,24,0.35,7
59,25,1.0,20
59,26,0.05,1
59,27,0.075,1
59,28,1.0,23
59,29,0.0625,2
59,30,0.2375,7
59,31,1.0,25
59,32,0.05,1
59,33,0.0625,1
59,34,0.05,1
59,35,1.0,18
59,36,0.05,1
59,37,1.0,23
59,38,0.05,1
59,39,0.05,1
60,0,0.0125,0
60,1,0.0625,2
60,2,1.0,24
60,3,0.025,1
60,4,0.1875,6
60,5,0.025,1
60,6,0.0125,0
60,7,0.0125,0
60,8,0.0125,0
60,9,0.05,2
60,10,0.425,12
60,11,0.025,1
60,12,0.0125,0
60,13,0.0125,0
60,14,0.0125,0
60,15,0.0125,0
60,16,0.0125,0
60,17,0.075,3
60,18,0.0125,0
60,19,0.3625,12
60,20,0.0375,2
60,21,0.1375,6
60,22,0.175,9
60,23,0.1,6
60,24,0.0125,0
60,25,0.0125,0
60,26,0.0125,0
60,27,0.0125,0
60,28,1.0,25
60,29,1.0,30
60,30,1.0,24
60,31,1.0,20
60,32,0.025,1
60,33,0.025,1
60,34,0.0125,0
60,35,0.0125,0
60,36,0.025,1
60,37,1.0,28
60,38,1.0,21
60,39,0.1375,4
61,0,0.05,2
61,1,0.1375,4
61,2,0.025,1
61,3,1.0,19
61,4,0.1875,7
61,5,0.0125,0
61,6,0.0125,0
61,7,1.0,32
61,8,0.025,1
61,9,0.0125,0
61,10,0.0375,2
61,11,0.0125,0
61,12,0.0375,1
61,13,1.0,25
61,14,0.025,1
61,15,0.0625,2
61,16,0.0125,0
61,17,1.0,27
61,18,0.4125,13
61,19,0.175,4
61,20,0.0125,0
61,21,0.0125,0
61,22,0.0625,3
61,23,0.125,3
61,24,0.0125,0
61,25,0.0125,0
61,26,0.0125,0
61,27,0.0125,0
61,28,1.0,24
61,29,0.0375,2
61,30,1.0,20
61,31,1.0,24
61,32,0.025,1
61,33,0.025,1
61,34,0.0125,0
61,35,0.0125,0
61,36,0.025,1
61,37,0.0125,0
61,38,0.15,5
61,39,0.2125,9
62,0,1.0,21
62,1,0.3375,13
62,2,0.0125,0
62,3,0.125,5
62,4,0.0625,3
62,5,0.0125,0
62,6,0.0125,0
62,7,0.0125,0
62,8,0.025,1
62,9,0.0125,0
62,10,0.0375,2
62,11,0.0125,0
62,12,0.0125,0
62,13,0.0125,0
62,14,0.025,1
62,15,0.125,5
62,16,0.1125,4
62,17,0.0125,0
62,18,1.0,32
62,19,0.0875,3
62,20,0.0125,0
62,21,1.0,20
62,22,0.1,4
62,23,0.0125,0
62,24,0.0125,0
62,25,0.0375,2
62,26,0.0125,0
62,27,0.0125,0
62,28,0.2375,6
62,29,0.05,2
62,30,0.0125,0
62,31,0.025,1
62,32,0.075,3
62,33,0.0125,0
62,34,0.025,1
62,35,0.0125,0
62,36,0.1,4
62,37,0.275,12
62,38,0.0125,0
62,39,0.0125,0
63,0,0.0125,0
63,1,0.35,13
63,2,0.0125,0
63,3,0.275,13
63,4,0.025,1
63,5,0.0375,2
63,6,1.0,26
63,7,0.1,5
63,8,0.0125,0
63,9,0.0125,0
63,10,0.075,4
63,11,0.0125,0
63,12,0.0125,0
63,13,0.025,1
63,14,0.15,6
63,15,0.0125,0
63,16,0.025,1
63,17,0.0375,2
63,18,0.0125,0
63,19,0.0125,0
63,20,0.05,2
63,21,0.0625,3
63,22,0.1,4
63,23,0.0625,2
63,24,0.0125,0
63,25,0.0125,0
63,26,0.0125,0
63,27,0.0875,5
63,28,0.2125,8
63,29,0.0125,0
63,30,0.1,4
63,31,0.1125,4
63,32,0.0125,0
63,33,0.0375,1
63,34,0.0125,0
63,35,0.0125,0
63,36,0.0125,0
63,37,0.025,1
63,38,0.025,1
63,39,0.0875,3
64,0,0.0125,0
64,1,0.0125,0
64,2,0.0125,0
64,3,0.0125,0
64,4,0.025,1
64,5,0.0125,0
64,6,0.0125,0
64,7,0.0125,0
64,8,0.0125,0
64,9,1.0,18
64,10,0.025,1
64,11,0.0375,2
64,12,0.0125,0
64,13,1.0,29
64,14,1.0,24
64,15,1.0,21
64,16,0.0125,0
64,17,0.075,4
64,18,0.025,1
64,19,0.075,2
64,20,0.0125,0
64,21,0.0125,0
64,22,0.0125,0
64,23,0.125,6
64,24,0.0125,0
64,25,0.0125,0
64,26,0.025,1
64,27,0.0125,0
64,28,0.0125,0
64,29,0.0125,0
64,30,0.0125,0
64,31,0.0125,0
64,32,0.0125,0
64,33,0.0125,0
64,34,0.025,1
64,35,0.0125,0
64,36,1.0,25
64,37,0.075,2
64,38,1.0,15
64,39,0.125,4
65,0,1.0,26
65,1,0.3375,11
65,2,0.0125,0
65,3,1.0,26
65,4,1.0,27
65,5,0.0875,3
65,6,0.1625,5
65,7,0.0125,0
65,8,0.575,17
65,9,0.0125,0
65,10,1.0,22
65,11,1.0,22
65,12,0.0125,0
65,13,0.1125,5
65,14,0.1375,3
65,15,0.0125,0
65,16,0.0125,0
65,17,0.0125,0
65,18,0.0125,0
65,19,0.0125,0
65,20,0.0125,0
65,21,0.0125,0
65,22,1.0,20
65,23,1.0,23
65,24,1.0,21
65,25,0.0125,0
65,26,0.05,2
65,27,0.0125,0
65,28,0.0375,2
65,29,0.0875,4
65,30,0.0125,0
65,31,0.0125,0
65,32,1.0,21
65,33,0.0125,0
65,34,0.0125,0
65,35,0.025,1
65,36,0.0625,4
65,37,0.0125,0
65,38,0.0125,0
65,39,1.0,22
66,0,1.0,26
66,1,0.0125,0
66,2,0.0125,0
66,3,0.1,5
66,4,1.0,24
66,5,0.0125,0
66,6,0.0125,0
66,7,1.0,25
66,8,1.0,19
66,9,0.075,2
66,10,0.1625,5
66,11,0.0125,0
66,12,0.0125,0
66,13,0.0125,0
66,14,0.0125,0
66,15,0.0125,0
66,16,0.05,2
66,17,0.025,1
66,18,0.0125,0
66,19,0.0125,0
66,20,0.0125,0
66,21,1.0,26
66,22,0.05,2
66,23,1.0,28
66,24,1.0,24
66,25,0.025,1
66,26,0.0125,0
66,27,1.0,22
66,28,1.0,26
66,29,0.0125,0
66,30,0.0125,0
66,31,0.0375,2
66,32,1.0,32
66,33,0.1125,3
66,34,0.0125,0
66,35,1.0,24
66,36,0.0625,3
66,37,1.0,18
66,38,0.325,7
66,39,0.0375,2
67,0,1.0,29
67,1,0.0125,0
67,2,0.0125,0
67,3,0.0125,0
67,4,0.2375,5
67,5,1.0,27
67,6,0.0125,0
67,7,0.0125,0
67,8,0.0125,0
67,9,0.0125,0
67,10,0.0125,0
67,11,0.0125,0
67,12,0.0125,0
67,13,0.025,1
67,14,1.0,29
67,15,0.0125,0
67,16,0.0125,0
67,17,0.0125,0
67,18,0.0125,0
67,19,1.0,27
67,20,0.0125,0
67,21,0.0125,0
67,22,0.0125,0
67,23,0.0125,0
67,24,0.075,4
67,25,0.0125,0
67,26,0.0875,3
67,27,0.0125,0
67,28,0.0125,0
67,29,0.025,1
67,30,0.075,4
67,31,0.0125,0
67,32,0.075,4
67,33,0.0125,0
67,34,0.0375,2
67,35,0.025,1
67,36,0.05,2
67,37,0.0125,0
67,38,0.025,1
67,39,0.05,3
68,0,0.0375,1
68,1,0.0625,1
68,2,0.0375,1
68,3,1.0,24
68,4,0.0375,1
68,5,0.1,3
68,6,0.0375,1
68,7,0.1125,6
68,8,0.0375,1
68,9,0.0375,1
68,10,0.05,2
68,11,1.0,25
68,12,0.175,5
68,13,0.0625,2
68,14,0.1625,3
68,15,0.05,3
68,16,0.0375,1
68,17,1.0,25
68,18,1.0,22
68,19,0.05,2
68,20,0.0375,1
68,21,0.0375,1
68,22,0.05,2
68,23,0.05,2
68,24,1.0,25
68,25,0.05,1
68,26,1.0,27
68,27,0.0375,1
68,28,0.05,2
68,29,0.1375,5
68,30,0.1875,6
68,31,0.0625,2
68,32,0.05,1
68,33,0.05,2
68,34,0.05,3
68,35,0.0375,1
68,36,0.0375,1
68,37,0.1375,4
68,38,0.175,6
68,39,0.05,2
69,0,0.1375,4
69,1,0.0125,0
69,2,1.0,35
69,3,1.0,27
69,4,0.275,8
69,5,0.0375,2
69,6,0.25,8
69,7,1.0,26
69,8,0.0125,0
69,9,0.025,1
69,10,0.0125,0
69,11,0.125,4
69,12,0.0125,0
69,13,1.0,19
69,14,1.0,24
69,15,0.0125,0
69,16,0.2375,7
69,17,0.0125,0
69,18,0.0125,0
69,19,0.2125,7
69,20,0.0125,0
69,21,0.0125,0
69,22,0.025,1
69,23,0.0125,0
69,24,0.0125,0
69,25,0.1,3
69,26,0.05,2
69,27,0.0125,0
69,28,0.05,2
69,29,0.0125,0
69,30,0.2625,7
69,31,0.0125,0
69,32,0.0125,0
69,33,0.0125,0
69,34,0.0125,0
69,35,0.0125,0
69,36,0.0125,0
69,37,0.0125,0
69,38,1.0,19
69,39,0.0125,0
70,0,0.125,7
70,1,0.0625,3
70,2,0.025,1
70,3,1.0,29
70,4,0.025,1
70,5,0.15,4
70,6,0.0875,2
70,7,1.0,19
70,8,0.0875,7
70,9,0.05,3
70,10,1.0,27
70,11,1.0,29
70,12,0.2,6
70,13,0.175,5
70,14,0.05,3
70,15,0.025,1
70,16,1.0,26
70,17,0.025,1
70,18,0.025,1
70,19,1.0,19
70,20,0.075,2
70,21,0.05,3
70,22,0.1375,6
70,23,0.0375,1
70,24,0.025,1
70,25,0.1375,6
70,26,0.05,3
70,27,0.025,1
70,28,0.0375,2
70,29,0.0375,1
70,30,0.05,3
70,31,0.025,1
70,32,0.0875,3
70,33,0.2375,9
70,34,0.025,1
70,35,1.0,22
70,36,0.05,3
70,37,0.1125,3
70,38,0.05,2
70,39,0.025,1
71,0,1.0,24
71,1,0.0375,2
71,2,1.0,25
71,3,1.0,27
71,4,1.0,30
71,5,1.0,22
71,6,0.0625,4
71,7,1.0,25
71,8,0.1875,2
71,9,0.0375,1
71,10,0.0875,3
71,11,1.0,29
71,12,1.0,25
71,13,0.025,1
71,14,0.1,3
71,15,0.05,1
71,16,0.3875,10
71,17,0.025,1
71,18,0.0875,3
71,19,0.1,5
71,20,1.0,19
71,21,0.075,2
71,22,0.025,1
71,23,0.025,1
71,24,0.0625,3
71,25,0.025,1
71,26,0.025,1
71,27,0.0375,2
71,28,0.125,2
71,29,1.0,20
71,30,0.0375,1
71,31,1.0,21
71,32,0.025,1
71,33,0.025,1
71,34,0.075,3
71,35,0.025,1
71,36,0.025,1
71,37,0.2375,6
71,38,0.0875,2
71,39,1.0,30
72,0,0.05,1
72,1,0.0375,2
72,2,0.0625,2
72,3,1.0,20
72,4,0.05,2
72,5,0.3,10
72,6,0.0625,1
72,7,0.2125,6
72,8,0.1125,5
72,9,0.1,2
72,10,0.05,3
72,11,1.0,27
72,12,0.0375,1
72,13,0.1875,5
72,14,0.05,2
72,15,1.0,26
72,16,0.1375,6
72,17,0.1,2
72,18,0.1625,6
72,19,0.0625,2
72,20,1.0,30
72,21,0.0625,3
72,22,0.0625,4
72,23,0.1625,3
72,24,0.2875,8
72,25,1.0,22
72,26,1.0,25
72,27,1.0,24
72,28,0.05,2
72,29,0.0375,1
72,30,0.0375,1
72,31,0.175,5
72,32,1.0,21
72,33,1.0,26
72,34,0.0375,1
72,35,1.0,27
72,36,0.225,4
72,37,0.05,2
72,38,0.05,2
72,39,0.0375,1
73,0,0.35,10
73,1,0.1,3
73,2,0.2,5
73,3,0.125,6
73,4,0.1625,3
73,5,0.0375,1
73,6,0.125,2
73,7,1.0,26
73,8,0.15,8
73,9,0.0375,1
73,10,0.0375,1
73,11,1.0,20
73,12,0.0625,3
73,13,1.0,24
73,14,0.0875,3
73,15,1.0,25
73,16,0.05,1
73,17,1.0,23
73,18,0.0375,1
73,19,0.2125,12
73,20,0.1875,5
73,21,0.1625,5
73,22,0.0875,2
73,23,1.0,22
73,24,0.0625,3
73,25,0.0375,1
73,26,0.0375,1
73,27,0.0625,2
73,28,0.0375,1
73,29,1.0,20
73,30,0.15,4
73,31,0.05,1
73,32,0.0875,3
73,33,1.0,23
73,34,0.0375,1
73,35,0.0875,4
73,36,1.0,29
73,37,0.0625,2
73,38,0.05,1
73,39,0.0375,1
74,0,0.0125,0
74,1,0.0125,0
74,2,0.0125,0
74,3,1.0,24
74,4,0.0125,0
74,5,0.0125,0
74,6,0.0625,3
74,7,0.0125,0
74,8,1.0,25
74,9,0.025,1
74,10,0.0625,3
74,11,0.0125,0
74,12,0.0125,0
74,13,1.0,29
74,14,0.0125,0
74,15,0.1125,5
74,16,0.0125,0
74,17,0.0375,2
74,18,0.1,5
74,19,1.0,18
74,20,0.0125,0
74,21,0.025,1
74,22,0.0125,0
74,23,0.15,6
74,24,1.0,20
74,25,0.0125,0
74,26,0.0375,2
74,27,1.0,24
74,28,0.0125,0
74,29,0.0125,0
74,30,0.0125,0
74,31,0.0625,3
74,32,0.0125,0
74,33,1.0,22
74,34,0.0125,0
74,35,0.0125,0
74,36,0.0125,0
74,37,1.0,20
74,38,1.0,27
74,39,0.125,5
75,0,0.025,1
75,1,0.0125,0
75,2,0.0375,2
75,3,1.0,25
75,4,0.0875,5
75,5,0.075,4
75,6,0.0125,0
75,7,0.0625,3
75,8,0.0125,0
75,9,0.0125,0
75,10,0.025,1
75,11,0.0125,0
75,12,1.0,18
75,13,0.0125,0
75,14,0.0125,0
75,15,0.0125,0
75,16,1.0,21
75,17,0.0875,2
75,18,0.0125,0
75,19,0.075,3
75,20,0.0625,2
75,21,0.025,1
75,22,0.1875,6
75,23,1.0,25
75,24,1.0,22
75,25,0.0375,2
75,26,0.0125,0
75,27,0.025,1
75,28,0.0125,0
75,29,0.0125,0
75,30,0.025,1
75,31,1.0,25
75,32,1.0,22
75,33,0.0625,3
75,34,0.0125,0
75,35,1.0,27
75,36,0.0125,0
75,37,0.0125,0
75,38,0.0125,0
75,39,0.025,1
76,0,0.0375,2
76,1,0.0125,0
76,2,1.0,28
76,3,0.0125,0
76,4,1.0,23
76,5,0.0125,0
76,6,0.025,1
76,7,1.0,26
76,8,0.0125,0
76,9,0.0875,2
76,10,0.0875,2
76,11,0.0125,0
76,12,0.0125,0
76,13,0.0125,0
76,14,0.0375,2
76,15,0.0125,0
76,16,0.0125,0
76,17,0.0375,2
76,18,0.0875,4
76,19,0.1625,7
76,20,0.0375,2
76,21,0.1,4
76,22,0.0125,0
76,23,1.0,24
76,24,1.0,21
76,25,0.0125,0
76,26,0.0125,0
76,27,1.0,24
76,28,0.1375,3
76,29,1.0,25
76,30,0.0125,0
76,31,0.0125,0
76,32,0.25,10
76,33,0.075,4
76,34,0.0125,0
76,35,0.0125,0
76,36,1.0,25
76,37,0.0125,0
76,38,1.0,20
76,39,0.0375,1
77,0,0.0125,0
77,1,0.0125,0
77,2,0.025,1
77,3,0.175,9
77,4,0.0125,0
77,5,1.0,25
77,6,0.0375,2
77,7,0.0625,2
77,8,0.05,3
77,9,1.0,27
77,10,1.0,22
77,11,0.0125,0
77,12,0.0125,0
77,13,0.0125,0
77,14,0.2,8
77,15,0.0125,0
77,16,0.0125,0
77,17,0.0125,0
77,18,0.0125,0
77,19,0.1125,4
77,20,0.0125,0
77,21,0.0125,0
77,22,0.0125,0
77,23,0.0125,0
77,24,0.025,1
77,25,0.0125,0
77,26,0.0125,0
77,27,0.0125,0
77,28,0.0625,3
77,29,0.025,1
77,30,0.05,2
77,31,0.15,5
77,32,0.0125,0
77,33,0.0125,0
77,34,0.0125,0
77,35,0.0875,5
77,36,0.0125,0
77,37,0.025,1
77,38,1.0,19
77,39,0.0125,0
78,0,0.0125,0
78,1,0.0125,0
78,2,0.15,6
78,3,0.0125,0
78,4,1.0,23
78,5,0.0125,0
78,6,0.025,1
78,7,0.0125,0
78,8,0.0625,2
78,9,1.0,22
78,10,0.0125,0
78,11,0.0125,0
78,12,1.0,29
78,13,0.0125,0
78,14,0.05,2
78,15,0.1,4
78,16,0.0125,0
78,17,0.0625,2
78,18,1.0,28
78,19,0.0125,0
78,20,0.0125,0
78,21,0.0125,0
78,22,0.0125,0
78,23,0.025,1
78,24,1.0,27
78,25,0.0125,0
78,26,0.025,1
78,27,0.0125,0
78,28,0.0125,0
78,29,0.0125,0
78,30,0.175,6
78,31,0.0125,0
78,32,0.0125,0
78,33,0.0125,0
78,34,0.0125,0
78,35,0.0125,0
78,36,0.0125,0
78,37,0.0125,0
78,38,1.0,26
78,39,0.0125,0
79,0,0.0625,3
79,1,0.0125,0
79,2,0.025,1
79,3,0.0125,0
79,4,0.0125,0
79,5,0.0375,1
79,6,0.0375,2
79,7,0.0125,0
79,8,0.0125,0
79,9,0.0125,0
79,10,0.0125,0
79,11,0.025,1
79,12,0.0125,0
79,13,1.0,25
79,14,1.0,26
79,15,0.0625,3
79,16,0.0125,0
79,17,1.0,22
79,18,0.0125,0
79,19,0.0875,3
79,20,1.0,19
79,21,0.0125,0
79,22,0.05,2
79,23,0.0125,0
79,24,0.0125,0
79,25,1.0,22
79,26,0.0125,0
79,27,0.0625,4
79,28,0.0625,2
79,29,0.0125,0
79,30,0.0125,0
79,31,0.0625,4
79,32,0.1625,6
79,33,0.0125,0
79,34,0.0375,2
79,35,0.0125,0
79,36,0.0125,0
79,37,0.0125,0
79,38,1.0,28
79,39,0.0125,0
